Age,Gender,Item ID,Item Name,Price,SN
38,Male,165,Bone Crushing Silver Skewer,3.37,Aelalis34
21,Male,119,"Stormbringer, Dark Blade of Ending Misery",2.32,Eolo46
34,Male,174,Primitive Blade,2.46,Assastnya25
21,Male,92,Final Critic,1.3599999999999999,Pheusrical25
23,Male,63,Stormfury Mace,1.27,Aela59
20,Male,10,Sleepwalker,1.73,Tanimnya91
20,Male,153,Mercenary Sabre,4.57,Undjaskla97
29,Female,169,"Interrogator, Blood Blade of the Queen",3.32,Iathenudil29
25,Male,118,"Ghost Reaver, Longsword of Magic",2.77,Sondenasta63
31,Male,99,"Expiration, Warscythe Of Lost Worlds",4.53,Hilaerin92
24,Male,57,"Despair, Favor of Due Diligence",3.81,Chamosia29
20,Male,47,"Alpha, Reach of Ending Hope",1.55,Sally64
30,Male,81,Dreamkiss,4.06,Iskossa88
23,Male,77,"Piety, Guardian of Riddles",3.68,Seorithstilis90
40,Male,44,Bonecarvin Battle Axe,2.46,Sundast29
21,Male,96,Blood-Forged Skeletal Spine,4.77,Haellysu29
22,Female,123,Twilight's Carver,1.1400000000000001,Sundista85
22,Female,59,"Lightning, Etcher of the King",1.65,Aenarap34
28,Male,91,Celeste,3.71,Iskista88
31,Male,177,"Winterthorn, Defender of Shifting Worlds",4.89,Assossa43
24,Male,78,"Glimmer, Ender of the Moon",2.33,Irith83
15,Male,3,Phantomlight,1.79,Iaralrgue74
11,Female,11,Brimstone,2.52,Deural48
19,Male,183,Dragon's Greatsword,2.36,Chanosia65
11,Male,65,Conqueror Adamantite Mace,1.96,Qarwen67
21,Male,63,Stormfury Mace,1.27,Idai61
29,Male,132,Persuasion,3.9,Aerithllora36
34,Male,106,Crying Steel Sickle,2.29,Assastnya25
15,Male,49,"The Oculus, Token of Lost Worlds",4.23,Ilariarin45
16,Female,45,Glinting Glass Edge,2.46,Phaedai25
21,Female,155,War-Forged Gold Deflector,3.73,Eulaeria40
18,Male,37,"Shadow Strike, Glory of Ending Hope",1.9300000000000002,Iarilis73
19,Male,48,"Rage, Legacy of the Lone Victor",4.32,Malunil62
24,Male,90,Betrayer,1.67,Iskimnya76
22,Male,47,"Alpha, Reach of Ending Hope",1.55,Yararmol43
21,Female,13,Serenity,1.49,Aisur51
20,Male,44,Bonecarvin Battle Axe,2.46,Undare39
31,Male,171,Scalpel,3.62,Sondossa91
20,Male,25,Hero Cane,1.03,Chamjasknya65
23,Male,63,Stormfury Mace,1.27,Lassilsa63
32,Male,7,"Thorn, Satchel of Dark Souls",4.51,Tyisur83
19,Female,124,Venom Claymore,2.7199999999999998,Aeral43
24,Male,25,Hero Cane,1.03,Lassadarsda57
22,Male,68,"Storm-Weaver, Slayer of Inception",2.49,Alaephos75
22,Male,85,Malificent Bag,2.17,Frichjask31
20,Male,120,Agatha,1.9100000000000001,Eusur90
11,Male,17,"Lazarus, Terror of the Earth",3.47,Palatyon26
24,Male,141,Persuasion,3.27,Saellyra72
20,Male,73,Ritual Mace,3.74,Ililsa62
22,Male,151,Severance,1.85,Eosur70
32,Female,32,Orenmir,4.95,Saistyphos30
16,Male,169,"Interrogator, Blood Blade of the Queen",3.32,Reula64
24,Male,165,Bone Crushing Silver Skewer,3.37,Chanirrala39
22,Male,51,Endbringer,2.67,Chadanto83
25,Female,101,Final Critic,4.62,Minduli80
24,Male,140,Striker,3.8200000000000003,Heunadil74
23,Male,31,Trickster,2.07,Marilsasya33
24,Male,34,Retribution Axe,4.14,Alallo58
24,Female,65,Conqueror Adamantite Mace,1.96,Tyaeristi78
15,Male,2,Verdict,3.4,Ila44
31,Male,86,Stormfury Lantern,1.28,Iskossaya95
24,Male,39,"Betrayal, Whisper of Grieving Widows",2.35,Rinallorap73
19,Female,39,"Betrayal, Whisper of Grieving Widows",2.35,Aeri84
23,Male,28,"Flux, Destroyer of Due Diligence",3.04,Ryanara76
15,Male,160,Azurewrath,2.22,Syally44
15,Male,134,Undead Crusader,4.67,Shaidanu32
18,Male,13,Serenity,1.49,Syasriria69
25,Male,83,Lifebender,3.51,Lisiriya82
11,Male,38,"The Void, Vengeance of Dark Magic",2.8200000000000003,Qarwen67
15,Male,7,"Thorn, Satchel of Dark Souls",4.51,Iskosia51
7,Female,158,"Darkheart, Butcher of the Champion",3.56,Eosurdru76
21,Male,85,Malificent Bag,2.17,Lassimla92
34,Male,110,Suspension,2.11,Tauldilsa43
16,Male,122,Unending Tyranny,1.21,Erudrion71
20,Male,54,Eternal Cleaver,3.14,Chanjaskan37
31,Male,31,Trickster,2.07,Sondastan54
20,Male,105,Hailstorm Shadowsteel Scythe,3.73,Strithenu87
15,Male,87,"Deluge, Edge of the West",2.2,Chanastsda67
23,Male,23,Crucifer,2.77,Baelollodeu94
29,Male,144,Blood Infused Guardian,2.86,Undirrala66
16,Female,128,"Blazeguard, Reach of Eternity",4.0,Chanosseya79
38,Male,175,Woeful Adamantite Claymore,1.24,Yaristi64
23,Male,46,Hopeless Ebon Dualblade,4.75,Airi27
25,Female,32,Orenmir,4.95,Frichaststa61
25,Male,7,"Thorn, Satchel of Dark Souls",4.51,Raysistast71
20,Female,150,Deathraze,4.54,Ithergue48
27,Male,152,Darkheart,3.15,Chanastst38
22,Male,108,"Extraction, Quickblade Of Trembling Hands",3.39,Sundosiasta28
23,Male,132,Persuasion,3.9,Undotesta33
22,Male,172,Blade of the Grave,1.69,Tyiaduenuru55
33,Male,91,Celeste,3.71,Iskjaskst81
24,Male,167,"Malice, Legacy of the Queen",2.38,Iskjaskan81
24,Male,181,Reaper's Toll,4.5600000000000005,Frichim27
20,Male,20,Netherbane,1.48,Hailaphos89
23,Male,130,Alpha,1.56,Seorithstilis90
24,Male,111,Misery's End,2.91,Jiskjask80
22,Female,54,Eternal Cleaver,3.14,Yasurra52
17,Female,49,"The Oculus, Token of Lost Worlds",4.23,Assassasta79
25,Male,47,"Alpha, Reach of Ending Hope",1.55,Lamyon68
20,Male,110,Suspension,2.11,Alo67
20,Male,103,Singed Scalpel,4.87,Farenon57
25,Male,30,Stormcaller,4.15,Assistasda90
30,Male,51,Endbringer,2.67,Frichaya88
27,Male,139,"Mercy, Katana of Dismay",4.37,Marassanya92
34,Male,173,Stormfury Longsword,4.83,Iskista96
20,Male,55,Vindictive Glass Edge,4.26,Mindirra92
37,Female,174,Primitive Blade,2.46,Chadossa56
29,Male,115,Spectral Diamond Doomblade,4.25,Undirrala66
22,Male,35,Heartless Bone Dualblade,2.63,Eoda93
20,Female,42,The Decapitator,4.82,Lassast89
20,Female,13,Serenity,1.49,Philodil43
19,Male,160,Azurewrath,2.22,Tyirithnu40
25,Male,57,"Despair, Favor of Due Diligence",3.81,Haerith37
20,Male,152,Darkheart,3.15,Jeyciman68
20,Male,130,Alpha,1.56,Chamirraya83
23,Male,9,"Thorn, Conqueror of the Corrupted",2.04,Yasur85
25,Male,84,Arcane Gem,2.23,Koikirra25
11,Male,160,Azurewrath,2.22,Qarwen67
23,Male,46,Hopeless Ebon Dualblade,4.75,Quarunarn52
19,Male,180,Stormcaller,2.7800000000000002,Yasur35
31,Male,102,Avenger,4.16,Isurriarap71
7,Male,175,Woeful Adamantite Claymore,1.24,Lassjask63
18,Female,53,Vengeance Cleaver,3.7,Iliel92
19,Male,73,Ritual Mace,3.74,Arithllorin55
22,Male,18,"Torchlight, Bond of Storms",1.77,Silideu44
7,Female,10,Sleepwalker,1.73,Heosurnuru52
25,Male,34,Retribution Axe,4.14,Raesty92
23,Female,74,Yearning Crusher,1.06,Eyircil84
24,Male,140,Striker,3.8200000000000003,Isursti83
23,Female,126,Exiled Mithril Longsword,3.25,Eurinu48
24,Male,50,Dawn,2.55,Saedaiphos46
29,Male,62,Piece Maker,4.36,Undirrala66
23,Male,125,Whistling Mithril Warblade,4.32,Jiskossa51
17,Female,108,"Extraction, Quickblade Of Trembling Hands",3.39,Sundossast30
23,Male,152,Darkheart,3.15,Ialallo29
18,Male,68,"Storm-Weaver, Slayer of Inception",2.49,Syasriria69
16,Male,121,Massacre,3.42,Chanosia60
13,Female,20,Netherbane,1.48,Ilosia37
28,Male,129,"Fate, Vengeance of Eternal Justice",1.55,Tyeulisu40
22,Male,91,Celeste,3.71,Yaliru88
25,Male,149,"Tranquility, Razor of Black Magic",2.47,Jiskassa76
24,Male,12,Dawne,4.3,Idairin80
17,Male,7,"Thorn, Satchel of Dark Souls",4.51,Dyally87
15,Male,175,Woeful Adamantite Claymore,1.24,Quarusrion32
20,Male,44,Bonecarvin Battle Axe,2.46,Adairialis76
11,Male,71,Demise,4.07,Lirtilsan89
23,Male,71,Demise,4.07,Reolacal36
22,Male,158,"Darkheart, Butcher of the Champion",3.56,Chadanto83
18,Male,14,Possessed Core,1.5899999999999999,Lisirrast82
13,Male,175,Woeful Adamantite Claymore,1.24,Ilrian97
25,Male,58,"Freak's Bite, Favor of Holy Might",3.03,Tyadaru49
20,Male,37,"Shadow Strike, Glory of Ending Hope",1.9300000000000002,Sweecossa42
13,Male,17,"Lazarus, Terror of the Earth",3.47,Streural92
23,Male,155,War-Forged Gold Deflector,3.73,Queusurra38
27,Female,39,"Betrayal, Whisper of Grieving Widows",2.35,Lassilsa41
22,Male,105,Hailstorm Shadowsteel Scythe,3.73,Aisurphos78
17,Female,27,"Riddle, Tribute of Ended Dreams",3.96,Marim28
20,Male,52,Hatred,4.39,Taeduenu92
25,Female,66,Victor Iron Spikes,3.55,Eodailis27
20,Male,100,Blindscythe,3.66,Lassjaskan73
25,Male,112,Worldbreaker,3.29,Yadanun74
21,Male,24,Warped Fetish,2.41,Iskossasda43
15,Male,94,Mourning Blade,1.82,Aesty51
23,Male,158,"Darkheart, Butcher of the Champion",3.56,Tyida79
27,Male,107,"Splitter, Foe Of Subtlety",3.61,Frichossast75
20,Male,106,Crying Steel Sickle,2.29,Eratiel90
22,Male,173,Stormfury Longsword,4.83,Eoda93
15,Male,86,Stormfury Lantern,1.28,Chamirra53
17,Male,124,Venom Claymore,2.7199999999999998,Alarap40
15,Male,102,Avenger,4.16,Ralaeriadeu65
9,Male,71,Demise,4.07,Reulae52
21,Male,84,Arcane Gem,2.23,Stryanastip77
21,Male,106,Crying Steel Sickle,2.29,Iskirra45
30,Male,0,Splinter,1.82,Chadadarya31
24,Male,182,Toothpick,3.48,Heuli25
35,Male,34,Retribution Axe,4.14,Raillydeu47
21,Male,182,Toothpick,3.48,Chamadar61
34,Other / Non-Disclosed,155,War-Forged Gold Deflector,3.73,Assassa38
15,Male,97,"Swan Song, Gouger Of Terror",3.58,Shaidanu32
40,Male,70,Hope's End,3.89,Chanosiaya39
18,Female,89,"Blazefury, Protector of Delusions",1.5,Raeri71
24,Male,1,Crucifer,2.2800000000000002,Hiasri33
24,Male,130,Alpha,1.56,Lisossa25
23,Female,87,"Deluge, Edge of the West",2.2,Sundassa93
11,Male,170,Shadowsteel,1.98,Rina82
22,Male,167,"Malice, Legacy of the Queen",2.38,Siarinum43
40,Male,144,Blood Infused Guardian,2.86,Chanosiaya39
20,Female,93,Apocalyptic Battlescythe,3.91,Eurallo89
20,Male,78,"Glimmer, Ender of the Moon",2.33,Hirirap39
35,Male,179,"Wolf, Promise of the Moonwalker",1.88,Raillydeu47
30,Male,36,Spectral Bone Axe,2.98,Frichaya88
20,Male,75,Brutality Ivory Warmace,1.72,Aidaira26
20,Male,91,Celeste,3.71,Zontibe81
19,Male,101,Final Critic,4.62,Farusrian86
24,Male,39,"Betrayal, Whisper of Grieving Widows",2.35,Undadarla37
14,Male,160,Azurewrath,2.22,Lirtossa78
20,Male,89,"Blazefury, Protector of Delusions",1.5,Chanirra56
20,Female,65,Conqueror Adamantite Mace,1.96,Lassast89
18,Male,44,Bonecarvin Battle Axe,2.46,Lisasi93
30,Female,180,Stormcaller,2.7800000000000002,Phadai31
22,Male,143,Frenzied Scimitar,2.6,Tyithesura58
12,Male,137,"Aetherius, Boon of the Blessed",4.75,Marilsa48
24,Male,176,Relentless Iron Skewer,2.9699999999999998,Siarithria38
18,Male,148,"Warmonger, Gift of Suffering's End",3.96,Lisasi93
19,Male,127,"Heartseeker, Reaver of Souls",3.21,Marirrasta50
17,Male,147,"Hellreaver, Heirloom of Inception",3.59,Airidil41
25,Male,161,Devine,1.45,Sausosia74
25,Male,154,Feral Katana,2.19,Yadanun74
22,Female,13,Serenity,1.49,Sialaera37
33,Other / Non-Disclosed,157,"Spada, Etcher of Hatred",2.21,Frichistasta59
22,Male,152,Darkheart,3.15,Phadue96
24,Male,176,Relentless Iron Skewer,2.9699999999999998,Chanirra79
40,Male,111,Misery's End,2.91,Yarmol79
24,Male,127,"Heartseeker, Reaver of Souls",3.21,Astydil38
27,Female,148,"Warmonger, Gift of Suffering's End",3.96,Jiskirran77
20,Female,154,Feral Katana,2.19,Marjasksda39
13,Female,116,Renewed Skeletal Katana,2.37,Eoralphos86
18,Male,106,Crying Steel Sickle,2.29,Lisovynya38
20,Male,31,Trickster,2.07,Hailaphos89
27,Male,148,"Warmonger, Gift of Suffering's End",3.96,Frichim77
33,Male,152,Darkheart,3.15,Aellyrialis39
24,Female,61,Ragnarok,3.9699999999999998,Chamilsan75
24,Male,131,Fury,4.82,Saida58
30,Male,41,Orbit,1.16,Eusri70
26,Male,106,Crying Steel Sickle,2.29,Aeduera68
20,Male,152,Darkheart,3.15,Qilatie51
25,Female,92,Final Critic,1.3599999999999999,Chamistast30
20,Male,32,Orenmir,4.95,Qiluard68
24,Male,145,Fiery Glass Crusader,4.45,Tyaelo67
26,Female,129,"Fate, Vengeance of Eternal Justice",1.55,Rithe77
15,Male,140,Striker,3.8200000000000003,Tyeosristi57
20,Male,125,Whistling Mithril Warblade,4.32,Lassjaskan73
16,Female,60,Wolf,1.8399999999999999,Eoral49
25,Male,129,"Fate, Vengeance of Eternal Justice",1.55,Aelollo59
24,Male,123,Twilight's Carver,1.1400000000000001,Lisossa63
35,Male,162,Abyssal Shard,2.04,Wailin72
22,Male,154,Feral Katana,2.19,Yarithllodeu72
7,Male,121,Massacre,3.42,Lisistaya47
40,Female,49,"The Oculus, Token of Lost Worlds",4.23,Chamadar27
24,Female,58,"Freak's Bite, Favor of Holy Might",3.03,Ethruard50
24,Male,121,Massacre,3.42,Lisossa63
32,Male,135,Warped Diamond Crusader,4.66,Yathecal72
27,Female,182,Toothpick,3.48,Ilimya66
21,Male,157,"Spada, Etcher of Hatred",2.21,Ialistidru50
21,Other / Non-Disclosed,183,Dragon's Greatsword,2.36,Tyaerith73
30,Male,8,"Purgatory, Gem of Regret",3.91,Lisistasya93
20,Male,12,Dawne,4.3,Chamadar79
25,Male,23,Crucifer,2.77,Haerith37
20,Male,40,Second Chance,2.34,Iallyphos37
24,Male,15,Soul Infused Crystal,1.03,Tyaelo67
25,Male,115,Spectral Diamond Doomblade,4.25,Ilogha82
19,Female,115,Spectral Diamond Doomblade,4.25,Aeri84
22,Male,1,Crucifer,2.2800000000000002,Ilaesudil92
15,Male,149,"Tranquility, Razor of Black Magic",2.47,Meosridil82
21,Male,1,Crucifer,2.2800000000000002,Undirrasta89
27,Male,121,Massacre,3.42,Lirtistanya48
22,Male,17,"Lazarus, Terror of the Earth",3.47,Iadueria43
24,Male,154,Feral Katana,2.19,Chanirrala39
25,Female,97,"Swan Song, Gouger Of Terror",3.58,Lisjaskan36
25,Male,13,Serenity,1.49,Saedue76
9,Male,99,"Expiration, Warscythe Of Lost Worlds",4.53,Undjasksya56
24,Male,46,Hopeless Ebon Dualblade,4.75,Irithrap69
21,Male,29,"Chaos, Ender of the End",3.79,Quanenrian83
18,Male,137,"Aetherius, Boon of the Blessed",4.75,Phenastya51
45,Male,124,Venom Claymore,2.7199999999999998,Marassaya49
24,Male,8,"Purgatory, Gem of Regret",3.91,Saellyra72
39,Female,143,Frenzied Scimitar,2.6,Yasrisu92
33,Other / Non-Disclosed,65,Conqueror Adamantite Mace,1.96,Frichistasta59
15,Male,36,Spectral Bone Axe,2.98,Qilanrion65
37,Male,72,Winter's Bite,1.3900000000000001,Chanassa48
29,Male,114,Yearning Mageblade,1.79,Iskassa50
7,Male,77,"Piety, Guardian of Riddles",3.68,Frichjaskan98
25,Male,117,"Heartstriker, Legacy of the Light",4.15,Sirira97
25,Male,13,Serenity,1.49,Eoduenurin62
20,Male,79,"Alpha, Oath of Zeal",2.88,Yarirarn35
25,Male,107,"Splitter, Foe Of Subtlety",3.61,Yadanun74
12,Other / Non-Disclosed,128,"Blazeguard, Reach of Eternity",4.0,Aillycal84
22,Male,128,"Blazeguard, Reach of Eternity",4.0,Eosur70
29,Male,107,"Splitter, Foe Of Subtlety",3.61,Chanadar44
20,Male,171,Scalpel,3.62,Lisimsda29
23,Male,85,Malificent Bag,2.17,Tyidue95
40,Male,47,"Alpha, Reach of Ending Hope",1.55,Yaralnura48
29,Male,48,"Rage, Legacy of the Lone Victor",4.32,Irillo49
35,Male,73,Ritual Mace,3.74,Isri59
25,Female,88,"Emberling, Defender of Delusions",4.1,Lisjaskan36
29,Male,78,"Glimmer, Ender of the Moon",2.33,Aiduecal76
25,Male,54,Eternal Cleaver,3.14,Frichosiala98
23,Male,170,Shadowsteel,1.98,Deelilsasya30
23,Male,99,"Expiration, Warscythe Of Lost Worlds",4.53,Mindilsa60
8,Male,79,"Alpha, Oath of Zeal",2.88,Iladarla40
25,Male,104,Gladiator's Glaive,1.3599999999999999,Chrathybust28
7,Male,53,Vengeance Cleaver,3.7,Yarithsurgue62
7,Male,121,Massacre,3.42,Lisistaya47
21,Male,95,Singed Onyx Warscythe,1.03,Mindossa76
20,Male,64,Fusion Pummel,3.58,Assilsan72
25,Male,135,Warped Diamond Crusader,4.66,Frichosiala98
22,Male,70,Hope's End,3.89,Assassa43
24,Male,84,Arcane Gem,2.23,Yarolwen77
26,Other / Non-Disclosed,141,Persuasion,3.27,Faralcil63
18,Male,119,"Stormbringer, Dark Blade of Ending Misery",2.32,Sondilsa40
15,Male,99,"Expiration, Warscythe Of Lost Worlds",4.53,Lisossan98
22,Male,44,Bonecarvin Battle Axe,2.46,Chadossa89
34,Male,183,Dragon's Greatsword,2.36,Eosrirgue62
27,Female,31,Trickster,2.07,Lassilsa41
31,Male,173,Stormfury Longsword,4.83,Sondastan54
22,Male,98,"Deadline, Voice Of Subtlety",3.62,Filrion44
15,Male,102,Avenger,4.16,Lassassasda30
26,Male,180,Stormcaller,2.7800000000000002,Aidain51
37,Male,79,"Alpha, Oath of Zeal",2.88,Aduephos78
21,Male,108,"Extraction, Quickblade Of Trembling Hands",3.39,Hainaria90
30,Male,131,Fury,4.82,Eusri70
18,Male,115,Spectral Diamond Doomblade,4.25,Raerithsti62
29,Male,68,"Storm-Weaver, Slayer of Inception",2.49,Aerithllora36
20,Female,33,Curved Axe,1.35,Reuthelis39
22,Female,145,Fiery Glass Crusader,4.45,Sundaststa26
24,Male,54,Eternal Cleaver,3.14,Aelin32
20,Male,12,Dawne,4.3,Sundadarla27
22,Male,173,Stormfury Longsword,4.83,Aeliru63
23,Male,60,Wolf,1.8399999999999999,Mindilsa60
42,Male,110,Suspension,2.11,Lisista27
23,Female,76,Haunted Bronzed Bludgeon,4.12,Narirra38
18,Male,137,"Aetherius, Boon of the Blessed",4.75,Eustyria89
22,Male,29,"Chaos, Ender of the End",3.79,Phistym51
23,Female,130,Alpha,1.56,Salilis27
27,Male,102,Avenger,4.16,Layjask75
24,Female,47,"Alpha, Reach of Ending Hope",1.55,Tyaeristi78
19,Male,60,Wolf,1.8399999999999999,Lirtyrdesta65
20,Male,7,"Thorn, Satchel of Dark Souls",4.51,Syalollorap93
22,Male,125,Whistling Mithril Warblade,4.32,Assylla81
27,Other / Non-Disclosed,61,Ragnarok,3.9699999999999998,Eurisuru25
23,Female,12,Dawne,4.3,Narirra38
20,Male,70,Hope's End,3.89,Mindjasksya61
21,Male,50,Dawn,2.55,Eusri44
22,Male,30,Stormcaller,4.15,Aeliru63
20,Male,15,Soul Infused Crystal,1.03,Rarith48
16,Male,179,"Wolf, Promise of the Moonwalker",1.88,Yalaeria91
15,Male,173,Stormfury Longsword,4.83,Iskadarya95
25,Male,140,Striker,3.8200000000000003,Saedue76
17,Male,84,Arcane Gem,2.23,Lisossanya98
20,Male,57,"Despair, Favor of Due Diligence",3.81,Iarithdil76
16,Male,169,"Interrogator, Blood Blade of the Queen",3.32,Chanosia60
20,Male,9,"Thorn, Conqueror of the Corrupted",2.04,Aeliriarin93
15,Female,50,Dawn,2.55,Raedalis34
15,Male,33,Curved Axe,1.35,Meosridil82
12,Male,66,Victor Iron Spikes,3.55,Sondossa55
22,Male,15,Soul Infused Crystal,1.03,Iadueria43
17,Male,14,Possessed Core,1.5899999999999999,Lisico81
24,Male,146,Warped Iron Scimitar,4.08,Ialo60
22,Male,177,"Winterthorn, Defender of Shifting Worlds",4.89,Syathe73
33,Male,166,Thirsty Iron Reaver,4.25,Lisassa26
21,Male,93,Apocalyptic Battlescythe,3.91,Rasrirgue43
25,Male,179,"Wolf, Promise of the Moonwalker",1.88,Aerillorin70
22,Male,56,Foul Titanium Battle Axe,4.33,Quelatarn54
31,Female,22,Amnesia,3.5700000000000003,Airithrin43
20,Male,84,Arcane Gem,2.23,Mindirra92
26,Female,85,Malificent Bag,2.17,Lisjasksda68
25,Male,172,Blade of the Grave,1.69,Aerithnuphos61
40,Male,65,Conqueror Adamantite Mace,1.96,Sundast29
14,Male,87,"Deluge, Edge of the West",2.2,Lirtosia72
20,Male,32,Orenmir,4.95,Aeliriam77
7,Female,21,Souleater,3.27,Lisirra55
14,Male,39,"Betrayal, Whisper of Grieving Widows",2.35,Aeral97
36,Male,39,"Betrayal, Whisper of Grieving Widows",2.35,Lisosiast26
32,Male,16,Restored Bauble,3.11,Yathecal72
23,Male,31,Trickster,2.07,Lirtistasta79
31,Male,67,"Celeste, Incarnation of the Corrupted",2.31,Lisadar44
23,Male,133,Faith's Scimitar,3.8200000000000003,Jiskossa51
20,Male,100,Blindscythe,3.66,Qilatie51
30,Male,153,Mercenary Sabre,4.57,Eusri70
18,Female,118,"Ghost Reaver, Longsword of Magic",2.77,Isurria36
7,Male,151,Severance,1.85,Sundastnya66
20,Male,81,Dreamkiss,4.06,Raesursurap33
23,Male,94,Mourning Blade,1.82,Sondassasya91
23,Male,114,Yearning Mageblade,1.79,Ermol76
7,Female,77,"Piety, Guardian of Riddles",3.68,Eosurdru76
22,Male,42,The Decapitator,4.82,Yadaisuir65
17,Male,33,Curved Axe,1.35,Zhisrisu83
37,Male,174,Primitive Blade,2.46,Aduephos78
30,Male,69,"Frenzy, Defender of the Harvest",1.06,Sondassa68
20,Male,141,Persuasion,3.27,Chamirraya83
22,Male,34,Retribution Axe,4.14,Alaephos75
21,Male,166,Thirsty Iron Reaver,4.25,Haellysu29
25,Male,39,"Betrayal, Whisper of Grieving Widows",2.35,Yarithphos28
7,Male,66,Victor Iron Spikes,3.55,Ingatcil75
30,Male,143,Frenzied Scimitar,2.6,Eothe56
25,Male,158,"Darkheart, Butcher of the Champion",3.56,Haerith37
23,Male,107,"Splitter, Foe Of Subtlety",3.61,Assithasta65
24,Female,51,Endbringer,2.67,Ethruard50
15,Male,32,Orenmir,4.95,Palurrian69
37,Male,34,Retribution Axe,4.14,Iskistasda86
17,Female,86,Stormfury Lantern,1.28,Tyaili86
32,Male,141,Persuasion,3.27,Liawista80
35,Male,159,"Oathbreaker, Spellblade of Trials",3.01,Seosri62
9,Male,16,Restored Bauble,3.11,Silinu63
25,Male,44,Bonecarvin Battle Axe,2.46,Aela49
20,Male,38,"The Void, Vengeance of Dark Magic",2.8200000000000003,Assosiasta83
40,Female,77,"Piety, Guardian of Riddles",3.68,Saelollop56
35,Female,108,"Extraction, Quickblade Of Trembling Hands",3.39,Saena74
25,Female,96,Blood-Forged Skeletal Spine,4.77,Tyaelistidru84
20,Male,82,Nirvana,1.11,Chamirrasya33
15,Male,27,"Riddle, Tribute of Ended Dreams",3.96,Smecherdi88
17,Male,121,Massacre,3.42,Leulaesti78
8,Male,65,Conqueror Adamantite Mace,1.96,Tyaenasti87
22,Male,113,Solitude's Reaver,2.67,Sondassa48
11,Female,46,Hopeless Ebon Dualblade,4.75,Deural48
22,Male,76,Haunted Bronzed Bludgeon,4.12,Saistydru69
24,Male,39,"Betrayal, Whisper of Grieving Widows",2.35,Chamosia29
21,Male,108,"Extraction, Quickblade Of Trembling Hands",3.39,Saisrilis27
15,Male,106,Crying Steel Sickle,2.29,Indonmol95
20,Female,45,Glinting Glass Edge,2.46,Fironon91
23,Male,27,"Riddle, Tribute of Ended Dreams",3.96,Ryanara76
25,Male,7,"Thorn, Satchel of Dark Souls",4.51,Saedue76
24,Female,114,Yearning Mageblade,1.79,Lirtossanya27
24,Male,34,Retribution Axe,4.14,Sondadar26
15,Male,10,Sleepwalker,1.73,Phalinun47
25,Female,92,Final Critic,1.3599999999999999,Chamistast30
25,Male,84,Arcane Gem,2.23,Hiarideu73
16,Male,119,"Stormbringer, Dark Blade of Ending Misery",2.32,Qilunan34
21,Male,66,Victor Iron Spikes,3.55,Pharithdil38
25,Female,42,The Decapitator,4.82,Tyeuladeu30
31,Male,170,Shadowsteel,1.98,Sondastan54
22,Male,150,Deathraze,4.54,Ina92
24,Male,164,Exiled Doomblade,1.92,Saida58
32,Other / Non-Disclosed,29,"Chaos, Ender of the End",3.79,Aithelis62
40,Male,139,"Mercy, Katana of Dismay",4.37,Indcil77
20,Male,14,Possessed Core,1.5899999999999999,Hallysucal81
15,Male,152,Darkheart,3.15,Tyeuduephos81
19,Male,131,Fury,4.82,Heosrisuir72
37,Female,175,Woeful Adamantite Claymore,1.24,Chadossa56
20,Male,82,Nirvana,1.11,Hailaphos89
27,Male,74,Yearning Crusher,1.06,Lirtassa47
37,Male,92,Final Critic,1.3599999999999999,Aduephos78
18,Male,20,Netherbane,1.48,Sondilsa40
23,Male,180,Stormcaller,2.7800000000000002,Ithesuphos68
25,Male,98,"Deadline, Voice Of Subtlety",3.62,Eula35
27,Female,159,"Oathbreaker, Spellblade of Trials",3.01,Aina42
10,Male,131,Fury,4.82,Ethrusuard41
17,Male,82,Nirvana,1.11,Zhisrisu83
24,Male,111,Misery's End,2.91,Isursti83
19,Male,41,Orbit,1.16,Chanirrasta87
21,Male,84,Arcane Gem,2.23,Stryanastip77
22,Male,107,"Splitter, Foe Of Subtlety",3.61,Ilirrasda54
7,Male,34,Retribution Axe,4.14,Liri91
25,Male,8,"Purgatory, Gem of Regret",3.91,Undadar97
20,Female,179,"Wolf, Promise of the Moonwalker",1.88,Ithergue48
32,Female,95,Singed Onyx Warscythe,1.03,Saistyphos30
22,Male,47,"Alpha, Reach of Ending Hope",1.55,Lisosianya62
25,Female,6,Rusty Skull,1.2,Tyaelistidru84
25,Male,34,Retribution Axe,4.14,Sausosia74
25,Male,123,Twilight's Carver,1.1400000000000001,Frichosiala98
39,Female,140,Striker,3.8200000000000003,Mindimnya67
12,Male,163,Thunderfury Scimitar,3.02,Undistasta86
23,Male,172,Blade of the Grave,1.69,Lirtistasta79
18,Female,95,Singed Onyx Warscythe,1.03,Alaesu91
9,Female,100,Blindscythe,3.66,Jiskosiala43
30,Male,137,"Aetherius, Boon of the Blessed",4.75,Heuralsti66
23,Female,66,Victor Iron Spikes,3.55,Umuard36
29,Male,68,"Storm-Weaver, Slayer of Inception",2.49,Asur53
25,Male,92,Final Critic,1.3599999999999999,Jiskassa76
20,Male,124,Venom Claymore,2.7199999999999998,Thryallym62
25,Male,5,Putrid Fan,1.32,Raesty92
21,Male,69,"Frenzy, Defender of the Harvest",1.06,Frichassala85
24,Female,90,Betrayer,1.67,Chamilsan75
33,Male,38,"The Void, Vengeance of Dark Magic",2.8200000000000003,Ilosu82
39,Female,163,Thunderfury Scimitar,3.02,Mindimnya67
23,Male,20,Netherbane,1.48,Pheodai94
18,Male,11,Brimstone,2.52,Raerithsti62
22,Male,41,Orbit,1.16,Undirrasta74
25,Female,103,Singed Scalpel,4.87,Hiasur92
20,Male,19,"Pursuit, Cudgel of Necromancy",3.98,Tillyrin30
24,Male,134,Undead Crusader,4.67,Riralsti91
24,Male,103,Singed Scalpel,4.87,Iasur80
15,Female,110,Suspension,2.11,Eryon48
22,Male,146,Warped Iron Scimitar,4.08,Whaestysu86
29,Female,35,Heartless Bone Dualblade,2.63,Aiduesu83
22,Male,105,Hailstorm Shadowsteel Scythe,3.73,Iaralsuir44
36,Male,31,Trickster,2.07,Chanjask65
25,Male,158,"Darkheart, Butcher of the Champion",3.56,Frichistast39
40,Male,168,"Sun Strike, Jaws of Twisted Visions",2.64,Yaralnura48
24,Male,48,"Rage, Legacy of the Lone Victor",4.32,Isursti83
17,Male,128,"Blazeguard, Reach of Eternity",4.0,Phairinum94
27,Male,151,Severance,1.85,Ethralan59
25,Male,165,Bone Crushing Silver Skewer,3.37,Raelly43
33,Female,22,Amnesia,3.5700000000000003,Lisassasta50
25,Female,104,Gladiator's Glaive,1.3599999999999999,Chanastnya43
23,Male,85,Malificent Bag,2.17,Sondimla25
24,Male,136,Ghastly Adamantite Protector,3.3,Chamilsala65
30,Male,103,Singed Scalpel,4.87,Idaria87
22,Male,76,Haunted Bronzed Bludgeon,4.12,Eoda93
27,Male,21,Souleater,3.27,Chanastst38
23,Male,40,Second Chance,2.34,Lamil79
7,Male,161,Devine,1.45,Liri91
17,Male,22,Amnesia,3.5700000000000003,Qaronon57
36,Male,57,"Despair, Favor of Due Diligence",3.81,Chadjask77
20,Male,52,Hatred,4.39,Ethralista69
23,Male,49,"The Oculus, Token of Lost Worlds",4.23,Phaeduesurgue38
25,Female,95,Singed Onyx Warscythe,1.03,Rathellorin54
38,Male,40,Second Chance,2.34,Filon68
24,Male,160,Azurewrath,2.22,Chamilsala65
22,Male,1,Crucifer,2.2800000000000002,Assylla81
21,Male,79,"Alpha, Oath of Zeal",2.88,Ingonon91
18,Male,144,Blood Infused Guardian,2.86,Lisovynya38
25,Male,10,Sleepwalker,1.73,Assesi91
25,Male,125,Whistling Mithril Warblade,4.32,Aellyria80
25,Male,176,Relentless Iron Skewer,2.9699999999999998,Aethedru70
8,Male,15,Soul Infused Crystal,1.03,Iladarla40
29,Male,180,Stormcaller,2.7800000000000002,Tyalaesu89
16,Male,161,Devine,1.45,Erudrion71
38,Male,181,Reaper's Toll,4.5600000000000005,Tyisriphos58
28,Male,92,Final Critic,1.3599999999999999,Iskista88
21,Male,133,Faith's Scimitar,3.8200000000000003,Seudaillorap38
12,Male,70,Hope's End,3.89,Sondossa55
19,Male,108,"Extraction, Quickblade Of Trembling Hands",3.39,Tyirithnu40
13,Male,159,"Oathbreaker, Spellblade of Trials",3.01,Malista67
33,Male,120,Agatha,1.9100000000000001,Ristydru66
40,Male,11,Brimstone,2.52,Yasriphos60
20,Male,111,Misery's End,2.91,Phainasu47
22,Male,81,Dreamkiss,4.06,Eural50
22,Male,31,Trickster,2.07,Mindassast27
24,Male,62,Piece Maker,4.36,Iskossan49
30,Male,145,Fiery Glass Crusader,4.45,Qarrian82
16,Female,170,Shadowsteel,1.98,Eulidru49
38,Male,148,"Warmonger, Gift of Suffering's End",3.96,Inguard95
20,Male,161,Devine,1.45,Hiral75
16,Male,162,Abyssal Shard,2.04,Undast38
36,Male,182,Toothpick,3.48,Chadjask77
17,Female,143,Frenzied Scimitar,2.6,Marim28
40,Male,55,Vindictive Glass Edge,4.26,Yasriphos60
21,Male,22,Amnesia,3.5700000000000003,Ialistidru50
38,Male,172,Blade of the Grave,1.69,Aelalis34
35,Male,113,Solitude's Reaver,2.67,Airal46
14,Male,80,Dreamsong,3.81,Lirtosia72
17,Female,177,"Winterthorn, Defender of Shifting Worlds",4.89,Assassasta79
21,Male,183,Dragon's Greatsword,2.36,Saerallora71
24,Male,98,"Deadline, Voice Of Subtlety",3.62,Frichossast86
23,Female,30,Stormcaller,4.15,Undirra73
15,Male,145,Fiery Glass Crusader,4.45,Chanastsda67
29,Male,18,"Torchlight, Bond of Storms",1.77,Undirrala66
14,Male,183,Dragon's Greatsword,2.36,Lirtosia72
31,Male,171,Scalpel,3.62,Phaestycal84
19,Male,153,Mercenary Sabre,4.57,Malunil62
20,Male,84,Arcane Gem,2.23,Eosursurap97
15,Male,153,Mercenary Sabre,4.57,Iaralrgue74
15,Male,8,"Purgatory, Gem of Regret",3.91,Seolollo93
18,Male,15,Soul Infused Crystal,1.03,Ililsan66
40,Male,171,Scalpel,3.62,Yasriphos60
15,Male,154,Feral Katana,2.19,Iskosia51
18,Female,171,Scalpel,3.62,Isurria36
29,Male,129,"Fate, Vengeance of Eternal Justice",1.55,Asur53
34,Male,135,Warped Diamond Crusader,4.66,Aesur96
23,Male,108,"Extraction, Quickblade Of Trembling Hands",3.39,Iskosian40
20,Male,100,Blindscythe,3.66,Ililsa62
23,Male,60,Wolf,1.8399999999999999,Aillyriadru65
24,Female,110,Suspension,2.11,Lisassa49
7,Male,39,"Betrayal, Whisper of Grieving Widows",2.35,Lisistaya47
19,Male,175,Woeful Adamantite Claymore,1.24,Ialidru40
20,Male,35,Heartless Bone Dualblade,2.63,Sondim43
24,Male,30,Stormcaller,4.15,Iskimnya76
22,Male,119,"Stormbringer, Dark Blade of Ending Misery",2.32,Aethe80
25,Female,65,Conqueror Adamantite Mace,1.96,Rathellorin54
29,Male,64,Fusion Pummel,3.58,Chanadar44
33,Male,83,Lifebender,3.51,Eudasu82
19,Male,88,"Emberling, Defender of Delusions",4.1,Lisirraya76
24,Male,26,Unholy Wand,1.88,Lisossa25
20,Male,133,Faith's Scimitar,3.8200000000000003,Haedasu65
24,Male,97,"Swan Song, Gouger Of Terror",3.58,Iral74
20,Male,16,Restored Bauble,3.11,Lisjaskya84
20,Male,181,Reaper's Toll,4.5600000000000005,Saelaephos52
22,Male,76,Haunted Bronzed Bludgeon,4.12,Chamim85
21,Male,154,Feral Katana,2.19,Chamadar61
23,Male,142,Righteous Might,4.36,Lirtista72
17,Male,113,Solitude's Reaver,2.67,Seudanu38
24,Male,92,Final Critic,1.3599999999999999,Lisossa63
22,Male,36,Spectral Bone Axe,2.98,Siathecal92
7,Male,39,"Betrayal, Whisper of Grieving Widows",2.35,Eullydru35
25,Female,18,"Torchlight, Bond of Storms",1.77,Chamistast30
24,Male,142,Righteous Might,4.36,Isrirgue68
20,Female,172,Blade of the Grave,1.69,Eurallo89
25,Male,107,"Splitter, Foe Of Subtlety",3.61,Raithe71
31,Male,151,Severance,1.85,Iskossaya95
23,Male,178,"Oathbreaker, Last Hope of the Breaking Storm",2.41,Yathecal82
22,Male,68,"Storm-Weaver, Slayer of Inception",2.49,Filrion44
9,Male,26,Unholy Wand,1.88,Saralp86
22,Male,13,Serenity,1.49,Tyeuduen32
21,Female,174,Primitive Blade,2.46,Aina43
15,Male,23,Crucifer,2.77,Undiwinya88
29,Male,75,Brutality Ivory Warmace,1.72,Silaera56
15,Male,27,"Riddle, Tribute of Ended Dreams",3.96,Iskadarya95
13,Female,26,Unholy Wand,1.88,Eoralphos86
27,Male,144,Blood Infused Guardian,2.86,Billysu76
23,Male,152,Darkheart,3.15,Seorithstilis90
30,Male,10,Sleepwalker,1.73,Aidaira48
39,Female,145,Fiery Glass Crusader,4.45,Mindimnya67
22,Other / Non-Disclosed,115,Spectral Diamond Doomblade,4.25,Euna48
33,Female,163,Thunderfury Scimitar,3.02,Lisassasta50
20,Male,30,Stormcaller,4.15,Eusur90
29,Male,133,Faith's Scimitar,3.8200000000000003,Undirrala66
16,Male,13,Serenity,1.49,Lamil70
21,Male,12,Dawne,4.3,Chamadarnya73
20,Female,6,Rusty Skull,1.2,Ilast79
22,Male,97,"Swan Song, Gouger Of Terror",3.58,Sondilsa35
26,Male,148,"Warmonger, Gift of Suffering's End",3.96,Ralonurin90
24,Female,71,Demise,4.07,Marundi65
20,Male,60,Wolf,1.8399999999999999,Phaedan76
20,Male,18,"Torchlight, Bond of Storms",1.77,Farenon57
20,Male,157,"Spada, Etcher of Hatred",2.21,Ilassa51
20,Male,101,Final Critic,4.62,Lirtossa84
23,Male,38,"The Void, Vengeance of Dark Magic",2.8200000000000003,Airi27
40,Male,102,Avenger,4.16,Indcil77
20,Male,53,Vengeance Cleaver,3.7,Chamastya76
7,Male,158,"Darkheart, Butcher of the Champion",3.56,Lassjask63
22,Male,175,Woeful Adamantite Claymore,1.24,Heolo60
18,Female,101,Final Critic,4.62,Isurria36
15,Male,153,Mercenary Sabre,4.57,Lisossan98
20,Male,19,"Pursuit, Cudgel of Necromancy",3.98,Sondim43
20,Male,11,Brimstone,2.52,Mindirra92
20,Female,11,Brimstone,2.52,Reuthelis39
18,Male,166,Thirsty Iron Reaver,4.25,Thourdirra92
25,Male,49,"The Oculus, Token of Lost Worlds",4.23,Frichadar89
20,Male,123,Twilight's Carver,1.1400000000000001,Raesursurap33
20,Female,80,Dreamsong,3.81,Jiskilsa35
33,Male,172,Blade of the Grave,1.69,Philistirap41
20,Male,144,Blood Infused Guardian,2.86,Tyidainu31
39,Female,161,Devine,1.45,Mindimnya67
37,Female,95,Singed Onyx Warscythe,1.03,Tridaira71
23,Male,90,Betrayer,1.67,Queusurra38
20,Male,124,Venom Claymore,2.7199999999999998,Mindadaran26
23,Male,130,Alpha,1.56,Lisassa39
32,Male,78,"Glimmer, Ender of the Moon",2.33,Alaesu77
25,Male,142,Righteous Might,4.36,Ilogha82
21,Male,178,"Oathbreaker, Last Hope of the Breaking Storm",2.41,Pharithdil38
26,Male,85,Malificent Bag,2.17,Mindossasya74
16,Male,22,Amnesia,3.5700000000000003,Syadaillo88
15,Male,127,"Heartseeker, Reaver of Souls",3.21,Lassilsala30
23,Male,111,Misery's End,2.91,Eusri26
15,Male,67,"Celeste, Incarnation of the Corrupted",2.31,Chanastsda67
31,Male,40,Second Chance,2.34,Hilaerin92
20,Male,18,"Torchlight, Bond of Storms",1.77,Aeliriam77
35,Male,83,Lifebender,3.51,Lirtossan50
24,Male,94,Mourning Blade,1.82,Iskossan49
16,Male,22,Amnesia,3.5700000000000003,Sondim73
16,Male,37,"Shadow Strike, Glory of Ending Hope",1.9300000000000002,Assosia38
16,Male,115,Spectral Diamond Doomblade,4.25,Reula64
31,Male,182,Toothpick,3.48,Tyeosri53
43,Male,57,"Despair, Favor of Due Diligence",3.81,Raesurdil91
20,Female,103,Singed Scalpel,4.87,Anallorgue57
21,Male,78,"Glimmer, Ender of the Moon",2.33,Idai61
26,Male,156,Soul-Forged Steel Shortsword,1.16,Aeduera68
23,Male,92,Final Critic,1.3599999999999999,Rithe53
21,Male,44,Bonecarvin Battle Axe,2.46,Quinarap53
24,Male,109,"Downfall, Scalpel Of The Emperor",3.2,Haerithp41
30,Female,79,"Alpha, Oath of Zeal",2.88,Seuthelis34
21,Female,8,"Purgatory, Gem of Regret",3.91,Styaduen40
32,Male,120,Agatha,1.9100000000000001,Ennoncil86
15,Male,120,Agatha,1.9100000000000001,Lassassasda30
31,Male,10,Sleepwalker,1.73,Tyeosri53
10,Female,63,Stormfury Mace,1.27,Ilaststa70
28,Male,32,Orenmir,4.95,Tyarithn67
13,Male,14,Possessed Core,1.5899999999999999,Streural92
21,Male,91,Celeste,3.71,Haellysu29
22,Male,73,Ritual Mace,3.74,Yadaisuir65
15,Male,172,Blade of the Grave,1.69,Aerithnucal56
15,Male,77,"Piety, Guardian of Riddles",3.68,Sundjask71
38,Male,101,Final Critic,4.62,Tyisriphos58
22,Female,33,Curved Axe,1.35,Sundaststa26
23,Male,24,Warped Fetish,2.41,Yalo71
16,Male,67,"Celeste, Incarnation of the Corrupted",2.31,Mindetosya30
23,Male,15,Soul Infused Crystal,1.03,Chanjaskan89
36,Male,124,Venom Claymore,2.7199999999999998,Chadjask77
32,Male,66,Victor Iron Spikes,3.55,Lirtast83
7,Male,177,"Winterthorn, Defender of Shifting Worlds",4.89,Ingatcil75
24,Male,61,Ragnarok,3.9699999999999998,Lassassast73
18,Male,157,"Spada, Etcher of Hatred",2.21,Strairisti57
11,Male,176,Relentless Iron Skewer,2.9699999999999998,Qarwen67
35,Male,31,Trickster,2.07,Filrion59
20,Male,118,"Ghost Reaver, Longsword of Magic",2.77,Sondim43
25,Male,107,"Splitter, Foe Of Subtlety",3.61,Aellysup38
38,Male,75,Brutality Ivory Warmace,1.72,Hala31
26,Female,65,Conqueror Adamantite Mace,1.96,Rithe77
19,Male,159,"Oathbreaker, Spellblade of Trials",3.01,Marirrasta50
13,Female,18,"Torchlight, Bond of Storms",1.77,Chanosiast43
20,Female,100,Blindscythe,3.66,Sundim98
30,Male,83,Lifebender,3.51,Frichaya88
27,Male,25,Hero Cane,1.03,Lirtassa47
29,Female,130,Alpha,1.56,Iathenudil29
7,Female,11,Brimstone,2.52,Lisirra55
24,Male,46,Hopeless Ebon Dualblade,4.75,Yarolwen77
15,Female,112,Worldbreaker,3.29,Crausirra42
23,Male,87,"Deluge, Edge of the West",2.2,Frichast72
16,Female,33,Curved Axe,1.35,Eulidru49
26,Male,81,Dreamkiss,4.06,Aidain51
24,Male,40,Second Chance,2.34,Sida61
20,Male,23,Crucifer,2.77,Chamjasknya65
15,Male,128,"Blazeguard, Reach of Eternity",4.0,Iri67
20,Female,91,Celeste,3.71,Ririp86
37,Female,117,"Heartstriker, Legacy of the Light",4.15,Chadossa56
23,Male,26,Unholy Wand,1.88,Chanjaskan89
21,Male,93,Apocalyptic Battlescythe,3.91,Jiskimsda56
19,Male,66,Victor Iron Spikes,3.55,Assistast50
16,Male,162,Abyssal Shard,2.04,Euliria52
16,Male,43,Foul Edge,2.38,Aerithriaphos45
15,Male,170,Shadowsteel,1.98,Ila44
24,Male,128,"Blazeguard, Reach of Eternity",4.0,Sida61
38,Male,106,Crying Steel Sickle,2.29,Phyali88
30,Male,72,Winter's Bite,1.3900000000000001,Iskossa88
25,Male,115,Spectral Diamond Doomblade,4.25,Aeral85
24,Male,61,Ragnarok,3.9699999999999998,Rinallorap73
36,Male,5,Putrid Fan,1.32,Chanjask65
25,Male,73,Ritual Mace,3.74,Saedue76
34,Other / Non-Disclosed,179,"Wolf, Promise of the Moonwalker",1.88,Assassa38
27,Female,67,"Celeste, Incarnation of the Corrupted",2.31,Tyaelorgue39
22,Male,84,Arcane Gem,2.23,Tyananurgue44
13,Male,5,Putrid Fan,1.32,Isketo41
21,Male,159,"Oathbreaker, Spellblade of Trials",3.01,Sundast87
24,Male,37,"Shadow Strike, Glory of Ending Hope",1.9300000000000002,Yadacal26
15,Male,174,Primitive Blade,2.46,Ila44
9,Male,103,Singed Scalpel,4.87,Ilophos58
21,Male,102,Avenger,4.16,Marilsanya48
22,Female,79,"Alpha, Oath of Zeal",2.88,Phially37
25,Male,169,"Interrogator, Blood Blade of the Queen",3.32,Iduedru67
7,Male,82,Nirvana,1.11,Yarithsurgue62
26,Male,39,"Betrayal, Whisper of Grieving Widows",2.35,Aeduera68
29,Male,18,"Torchlight, Bond of Storms",1.77,Saidairiaphos61
20,Male,69,"Frenzy, Defender of the Harvest",1.06,Tillyrin30
13,Female,117,"Heartstriker, Legacy of the Light",4.15,Chanosiast43
15,Male,14,Possessed Core,1.5899999999999999,Quarusrion32
18,Male,21,Souleater,3.27,Chamimla73
25,Male,139,"Mercy, Katana of Dismay",4.37,Eurith26
22,Male,48,"Rage, Legacy of the Lone Victor",4.32,Tyananurgue44
16,Male,134,Undead Crusader,4.67,Iskichinya81
10,Female,148,"Warmonger, Gift of Suffering's End",3.96,Hiadanurin36
20,Female,106,Crying Steel Sickle,2.29,Tyaelly53
23,Female,37,"Shadow Strike, Glory of Ending Hope",1.9300000000000002,Shidai42
16,Male,8,"Purgatory, Gem of Regret",3.91,Bartassaya73
13,Male,175,Woeful Adamantite Claymore,1.24,Mindosiasya28
10,Male,16,Restored Bauble,3.11,Ethrusuard41
19,Male,45,Glinting Glass Edge,2.46,Indirrian56
22,Male,101,Final Critic,4.62,Sondim68
25,Male,56,Foul Titanium Battle Axe,4.33,Tyadaru49
35,Female,93,Apocalyptic Battlescythe,3.91,Cosadar58
19,Male,154,Feral Katana,2.19,Farusrian86
24,Male,145,Fiery Glass Crusader,4.45,Leyirra83
26,Male,84,Arcane Gem,2.23,Inguron55
20,Male,134,Undead Crusader,4.67,Haedasu65
21,Male,130,Alpha,1.56,Ialistidru50
20,Male,79,"Alpha, Oath of Zeal",2.88,Sweecossa42
35,Male,34,Retribution Axe,4.14,Ralasti48
32,Male,52,Hatred,4.39,Lamon28
15,Male,120,Agatha,1.9100000000000001,Isri49
21,Male,114,Yearning Mageblade,1.79,Frichassala85
23,Male,86,Stormfury Lantern,1.28,Eollym91
26,Female,179,"Wolf, Promise of the Moonwalker",1.88,Lisjasksda68
15,Female,116,Renewed Skeletal Katana,2.37,Yalostiphos68
20,Male,4,Bloodlord's Fetish,2.2800000000000002,Thryallym62
31,Male,104,Gladiator's Glaive,1.3599999999999999,Sondastan54
22,Female,179,"Wolf, Promise of the Moonwalker",1.88,Ailaesuir66
22,Male,6,Rusty Skull,1.2,Siasri67
35,Male,11,Brimstone,2.52,Seosri62
20,Male,122,Unending Tyranny,1.21,Ryastycal90
19,Male,87,"Deluge, Edge of the West",2.2,Chanirrasta87
29,Male,81,Dreamkiss,4.06,Aerithllora36
28,Male,175,Woeful Adamantite Claymore,1.24,Raeduerin33
36,Male,52,Hatred,4.39,Lisosiast26
27,Other / Non-Disclosed,48,"Rage, Legacy of the Lone Victor",4.32,Eurisuru25
25,Male,70,Hope's End,3.89,Assassasda84
15,Male,13,Serenity,1.49,Aerithnucal56
22,Female,84,Arcane Gem,2.23,Nitherian58
20,Male,122,Unending Tyranny,1.21,Hailaphos89
21,Male,158,"Darkheart, Butcher of the Champion",3.56,Chamucosda93
24,Male,73,Ritual Mace,3.74,Frichilsasya78
22,Male,141,Persuasion,3.27,Aenasu69
24,Male,25,Hero Cane,1.03,Lassista97
15,Male,31,Trickster,2.07,Sidap51
21,Male,44,Bonecarvin Battle Axe,2.46,Chamadarsda63
24,Male,123,Twilight's Carver,1.1400000000000001,Lassassast73
22,Male,98,"Deadline, Voice Of Subtlety",3.62,Eural50
14,Male,104,Gladiator's Glaive,1.3599999999999999,Lirtossa78
20,Male,117,"Heartstriker, Legacy of the Light",4.15,Tillyrin30
20,Male,75,Brutality Ivory Warmace,1.72,Quelaton80
23,Female,107,"Splitter, Foe Of Subtlety",3.61,Alim85
